"Sprint","Baseline","Actual"
8,608,608
9,577.8,564
10,547.6,507
11,517.4,457
12,487.2,
13,457,
14,426.8,
15,396.6,
16,366.4,
17,336.2,
18,306,
19,275.8,
20,245.6,
21,215.4,
22,185.2,
23,155,
24,124.8,
25,94.5999999999999,
26,64.3999999999999,
27,34.1999999999999,
28,3.99999999999987,
29,0,
